<?xml version="1.0" encoding="UTF-8"?>
<spocosy version="1.0" responsetime="2013-05-17 04:28:30" exec="0.18">
	<query-response requestid="" service="objectquery">
		<sport name="Motorsports" enetSportCode="ms" del="no" n="0" ut="2012-05-15 18:03:01" id="22">
			<tournament_template name="Formula 1" sportFK="22" gender="undefined" enetID="0" del="no" n="0" ut="2010-02-18 16:13:30" id="445">
				<tournament name="2013" tournament_templateFK="445" enetSeasonID="0" del="no" locked="none" n="0" ut="2013-02-12 09:57:26" id="7549">
					<tournament_stage name="Australian Grand Prix" tournamentFK="7549" countryFK="39" gender="undefined" enetID="0" startdate="2013-03-15" enddate="2013-03-17" del="no" locked="none" n="1" ut="2013-02-12 10:21:21" id="830908">
						<properties>
							<property object="tournament_stage" objectFK="830908" type="metadata" name="Trackname" value="Melbourne" del="no" n="0" ut="2013-02-12 10:21:20" id="16740258">
							</property>
							<property object="tournament_stage" objectFK="830908" type="metadata" name="Kilometers" value="307.6" del="no" n="0" ut="2013-02-12 10:21:20" id="16740259">
							</property>
							<property object="tournament_stage" objectFK="830908" type="metadata" name="Laps" value="58" del="no" n="0" ut="2013-02-12 10:21:20" id="16740260">
							</property>
						</properties>
						<event name="Race" tournament_stageFK="830908" startdate="2013-03-17 07:00:00" eventstatusFK="0" status_type="finished" status_descFK="6" enetID="0" enetSportID="f1" del="no" locked="none" n="2" ut="2013-04-11 15:13:01" id="1414205">
							<properties>
								<property object="event" objectFK="1414205" type="metadata" name="Live" value="yes" del="no" n="0" ut="2013-02-12 10:21:20" id="16740261">
								</property>
								<property object="event" objectFK="1414205" type="metadata" name="laps" value="58" del="no" n="0" ut="2013-02-12 10:21:20" id="16740262">
								</property>
								<property object="event" objectFK="1414205" type="metadata" name="weather" value="Cloudy" del="no" n="3" ut="2013-04-11 15:13:01" id="16987813">
								</property>
								<property object="event" objectFK="1414205" type="metadata" name="track_condition" value="Dry" del="no" n="0" ut="2013-03-17 07:00:32" id="16987814">
								</property>
								<property object="event" objectFK="1414205" type="metadata" name="current_lap" value="58" del="no" n="55" ut="2013-03-17 08:32:05" id="16987839">
								</property>
								<property object="event" objectFK="1414205" type="ref:participant" name="fastest_lap_participantFK" value="62454" del="no" n="13" ut="2013-03-17 08:30:38" id="16987842">
									<participant name="Kimi Raikkonen" gender="male" type="athlete" countryFK="24" enetID="19" enetSportID="f1" del="no" n="2" ut="2012-05-28 00:29:58" id="62454">
									</participant>
								</property>
								<property object="event" objectFK="1414205" type="metadata" name="fastest_lap_time" value="1:29.274" del="no" n="13" ut="2013-03-17 08:30:46" id="16987850">
								</property>
							</properties>
							<event_participant number="1" participantFK="306278" eventFK="1414205" del="no" n="0" ut="2013-03-17 06:59:02" id="4044893">
								<participant name="Charles Pic" gender="male" type="athlete" countryFK="5" enetID="0" enetSportID="" del="no" n="0" ut="2012-05-27 21:42:08" id="306278">
								</participant>
								<properties>
									<property object="event_participants" objectFK="4044893" type="metadata" name="startnumber" value="20" del="no" n="0" ut="2013-03-17 06:59:02" id="16987760">
									</property>
									<property object="event_participants" objectFK="4044893" type="ref:participant" name="team" value="196048" del="no" n="0" ut="2013-03-17 06:59:02" id="16987761">
										<participant name="Caterham" gender="male" type="team" countryFK="89" enetID="25" enetSportID="f1" del="no" n="5" ut="2012-05-27 06:14:07" id="196048">
										</participant>
									</property>
								</properties>
								<results>
									<result event_participantsFK="4044893" result_typeFK="100" result_code="rank" value="16" del="no" n="0" ut="2013-03-17 08:35:15" id="14149867">
									</result>
									<result event_participantsFK="4044893" result_typeFK="101" result_code="duration" value="" del="no" n="0" ut="2013-03-17 08:35:15" id="14149868">
									</result>
									<result event_participantsFK="4044893" result_typeFK="222" result_code="laps_behind" value="2" del="no" n="0" ut="2013-03-17 08:35:15" id="14149869">
									</result>
									<result event_participantsFK="4044893" result_typeFK="223" result_code="pitstops" value="2" del="no" n="0" ut="2013-03-17 08:35:15" id="14149870">
									</result>
									<result event_participantsFK="4044893" result_typeFK="221" result_code="laps" value="56" del="no" n="0" ut="2013-03-17 08:35:17" id="14149939">
									</result>
									<result event_participantsFK="4044893" result_typeFK="102" result_code="points" value="0" del="no" n="0" ut="2013-03-17 08:35:18" id="14149972">
									</result>
								</results>
							</event_participant>
							<event_participant number="2" participantFK="306276" eventFK="1414205" del="no" n="0" ut="2013-03-17 06:59:02" id="4044894">
								<participant name="Giedo van der Garde" gender="male" type="athlete" countryFK="9" enetID="0" enetSportID="" del="no" n="0" ut="2012-05-28 00:24:04" id="306276">
								</participant>
								<properties>
									<property object="event_participants" objectFK="4044894" type="metadata" name="startnumber" value="21" del="no" n="0" ut="2013-03-17 06:59:02" id="16987762">
									</property>
									<property object="event_participants" objectFK="4044894" type="ref:participant" name="team" value="196048" del="no" n="0" ut="2013-03-17 06:59:02" id="16987763">
										<participant name="Caterham" gender="male" type="team" countryFK="89" enetID="25" enetSportID="f1" del="no" n="5" ut="2012-05-27 06:14:07" id="196048">
										</participant>
									</property>
								</properties>
								<results>
									<result event_participantsFK="4044894" result_typeFK="100" result_code="rank" value="18" del="no" n="0" ut="2013-03-17 08:35:15" id="14149871">
									</result>
									<result event_participantsFK="4044894" result_typeFK="101" result_code="duration" value="" del="no" n="0" ut="2013-03-17 08:35:15" id="14149872">
									</result>
									<result event_participantsFK="4044894" result_typeFK="222" result_code="laps_behind" value="2" del="no" n="0" ut="2013-03-17 08:35:15" id="14149873">
									</result>
									<result event_participantsFK="4044894" result_typeFK="223" result_code="pitstops" value="3" del="no" n="0" ut="2013-03-17 08:35:15" id="14149874">
									</result>
									<result event_participantsFK="4044894" result_typeFK="221" result_code="laps" value="56" del="no" n="0" ut="2013-03-17 08:35:17" id="14149940">
									</result>
									<result event_participantsFK="4044894" result_typeFK="102" result_code="points" value="0" del="no" n="0" ut="2013-03-17 08:35:18" id="14149974">
									</result>
								</results>
							</event_participant>
							<event_participant number="3" participantFK="62419" eventFK="1414205" del="no" n="0" ut="2013-03-17 06:59:02" id="4044895">
								<participant name="Felipe Massa" gender="male" type="athlete" countryFK="51" enetID="14" enetSportID="f1" del="no" n="1" ut="2012-05-27 06:31:29" id="62419">
								</participant>
								<properties>
									<property object="event_participants" objectFK="4044895" type="metadata" name="startnumber" value="4" del="no" n="0" ut="2013-03-17 06:59:02" id="16987764">
									</property>
									<property object="event_participants" objectFK="4044895" type="ref:participant" name="team" value="72871" del="no" n="0" ut="2013-03-17 06:59:02" id="16987765">
										<participant name="Ferrari" gender="male" type="team" countryFK="4" enetID="4" enetSportID="f1" del="no" n="2" ut="2012-05-27 22:05:13" id="72871">
										</participant>
									</property>
								</properties>
								<results>
									<result event_participantsFK="4044895" result_typeFK="100" result_code="rank" value="4" del="no" n="0" ut="2013-03-17 08:35:15" id="14149875">
									</result>
									<result event_participantsFK="4044895" result_typeFK="101" result_code="duration" value="+33.500" del="no" n="0" ut="2013-03-17 08:35:15" id="14149876">
									</result>
									<result event_participantsFK="4044895" result_typeFK="223" result_code="pitstops" value="3" del="no" n="0" ut="2013-03-17 08:35:15" id="14149877">
									</result>
									<result event_participantsFK="4044895" result_typeFK="221" result_code="laps" value="58" del="no" n="0" ut="2013-03-17 08:35:17" id="14149941">
									</result>
									<result event_participantsFK="4044895" result_typeFK="102" result_code="points" value="12" del="no" n="0" ut="2013-03-17 08:35:17" id="14149960">
									</result>
								</results>
							</event_participant>
							<event_participant number="4" participantFK="62406" eventFK="1414205" del="no" n="0" ut="2013-03-17 06:59:02" id="4044896">
								<participant name="Fernando Alonso" gender="male" type="athlete" countryFK="8" enetID="33" enetSportID="f1" del="no" n="1" ut="2012-05-27 22:05:11" id="62406">
								</participant>
								<properties>
									<property object="event_participants" objectFK="4044896" type="metadata" name="startnumber" value="3" del="no" n="0" ut="2013-03-17 06:59:02" id="16987766">
									</property>
									<property object="event_participants" objectFK="4044896" type="ref:participant" name="team" value="72871" del="no" n="0" ut="2013-03-17 06:59:02" id="16987767">
										<participant name="Ferrari" gender="male" type="team" countryFK="4" enetID="4" enetSportID="f1" del="no" n="2" ut="2012-05-27 22:05:13" id="72871">
										</participant>
									</property>
								</properties>
								<results>
									<result event_participantsFK="4044896" result_typeFK="100" result_code="rank" value="2" del="no" n="0" ut="2013-03-17 08:35:15" id="14149878">
									</result>
									<result event_participantsFK="4044896" result_typeFK="101" result_code="duration" value="+12.400" del="no" n="0" ut="2013-03-17 08:35:15" id="14149879">
									</result>
									<result event_participantsFK="4044896" result_typeFK="223" result_code="pitstops" value="3" del="no" n="0" ut="2013-03-17 08:35:15" id="14149880">
									</result>
									<result event_participantsFK="4044896" result_typeFK="221" result_code="laps" value="58" del="no" n="0" ut="2013-03-17 08:35:17" id="14149942">
									</result>
									<result event_participantsFK="4044896" result_typeFK="102" result_code="points" value="18" del="no" n="0" ut="2013-03-17 08:35:17" id="14149958">
									</result>
								</results>
							</event_participant>
							<event_participant number="5" participantFK="74809" eventFK="1414205" del="no" n="0" ut="2013-03-17 06:59:02" id="4044897">
								<participant name="Paul di Resta" gender="male" type="athlete" countryFK="170" enetID="1310" enetSportID="ms" del="no" n="1" ut="2012-05-28 01:12:16" id="74809">
								</participant>
								<properties>
									<property object="event_participants" objectFK="4044897" type="metadata" name="startnumber" value="14" del="no" n="0" ut="2013-03-17 06:59:02" id="16987768">
									</property>
									<property object="event_participants" objectFK="4044897" type="ref:participant" name="team" value="72873" del="no" n="0" ut="2013-03-17 06:59:02" id="16987769">
										<participant name="Force India" gender="male" type="team" countryFK="133" enetID="19" enetSportID="f1" del="no" n="3" ut="2012-05-27 06:36:17" id="72873">
										</participant>
									</property>
								</properties>
								<results>
									<result event_participantsFK="4044897" result_typeFK="100" result_code="rank" value="8" del="no" n="0" ut="2013-03-17 08:35:15" id="14149881">
									</result>
									<result event_participantsFK="4044897" result_typeFK="101" result_code="duration" value="+1:08.400" del="no" n="0" ut="2013-03-17 08:35:15" id="14149882">
									</result>
									<result event_participantsFK="4044897" result_typeFK="223" result_code="pitstops" value="2" del="no" n="0" ut="2013-03-17 08:35:15" id="14149883">
									</result>
									<result event_participantsFK="4044897" result_typeFK="221" result_code="laps" value="58" del="no" n="0" ut="2013-03-17 08:35:17" id="14149943">
									</result>
									<result event_participantsFK="4044897" result_typeFK="102" result_code="points" value="4" del="no" n="0" ut="2013-03-17 08:35:17" id="14149964">
									</result>
								</results>
							</event_participant>
							<event_participant number="6" participantFK="62455" eventFK="1414205" del="no" n="0" ut="2013-03-17 06:59:02" id="4044898">
								<participant name="Adrian Sutil" gender="male" type="athlete" countryFK="3" enetID="64" enetSportID="f1" del="no" n="1" ut="2012-05-27 21:15:18" id="62455">
								</participant>
								<properties>
									<property object="event_participants" objectFK="4044898" type="metadata" name="startnumber" value="15" del="no" n="0" ut="2013-03-17 06:59:02" id="16987770">
									</property>
									<property object="event_participants" objectFK="4044898" type="ref:participant" name="team" value="72873" del="no" n="0" ut="2013-03-17 06:59:02" id="16987771">
										<participant name="Force India" gender="male" type="team" countryFK="133" enetID="19" enetSportID="f1" del="no" n="3" ut="2012-05-27 06:36:17" id="72873">
										</participant>
									</property>
								</properties>
								<results>
									<result event_participantsFK="4044898" result_typeFK="100" result_code="rank" value="7" del="no" n="0" ut="2013-03-17 08:35:15" id="14149884">
									</result>
									<result event_participantsFK="4044898" result_typeFK="101" result_code="duration" value="+1:05.000" del="no" n="0" ut="2013-03-17 08:35:15" id="14149885">
									</result>
									<result event_participantsFK="4044898" result_typeFK="223" result_code="pitstops" value="2" del="no" n="0" ut="2013-03-17 08:35:15" id="14149886">
									</result>
									<result event_participantsFK="4044898" result_typeFK="221" result_code="laps" value="58" del="no" n="0" ut="2013-03-17 08:35:17" id="14149944">
									</result>
									<result event_participantsFK="4044898" result_typeFK="102" result_code="points" value="6" del="no" n="0" ut="2013-03-17 08:35:17" id="14149963">
									</result>
								</results>
							</event_participant>
							<event_participant number="7" participantFK="181608" eventFK="1414205" del="no" n="0" ut="2013-03-17 06:59:02" id="4044899">
								<participant name="Romain Grosjean" gender="male" type="athlete" countryFK="5" enetID="74" enetSportID="f1" del="no" n="1" ut="2012-05-28 01:05:38" id="181608">
								</participant>
								<properties>
									<property object="event_participants" objectFK="4044899" type="metadata" name="startnumber" value="8" del="no" n="0" ut="2013-03-17 06:59:02" id="16987772">
									</property>
									<property object="event_participants" objectFK="4044899" type="ref:participant" name="team" value="72863" del="no" n="0" ut="2013-03-17 06:59:02" id="16987773">
										<participant name="Lotus" gender="male" type="team" countryFK="2" enetID="9" enetSportID="f1" del="no" n="4" ut="2012-05-28 00:31:19" id="72863">
										</participant>
									</property>
								</properties>
								<results>
									<result event_participantsFK="4044899" result_typeFK="100" result_code="rank" value="10" del="no" n="0" ut="2013-03-17 08:35:15" id="14149887">
									</result>
									<result event_participantsFK="4044899" result_typeFK="101" result_code="duration" value="+1:22.700" del="no" n="0" ut="2013-03-17 08:35:15" id="14149888">
									</result>
									<result event_participantsFK="4044899" result_typeFK="223" result_code="pitstops" value="3" del="no" n="0" ut="2013-03-17 08:35:15" id="14149889">
									</result>
									<result event_participantsFK="4044899" result_typeFK="221" result_code="laps" value="58" del="no" n="0" ut="2013-03-17 08:35:17" id="14149945">
									</result>
									<result event_participantsFK="4044899" result_typeFK="102" result_code="points" value="1" del="no" n="0" ut="2013-03-17 08:35:17" id="14149966">
									</result>
								</results>
							</event_participant>
							<event_participant number="8" participantFK="62454" eventFK="1414205" del="no" n="0" ut="2013-03-17 06:59:02" id="4044900">
								<participant name="Kimi Raikkonen" gender="male" type="athlete" countryFK="24" enetID="19" enetSportID="f1" del="no" n="2" ut="2012-05-28 00:29:58" id="62454">
								</participant>
								<properties>
									<property object="event_participants" objectFK="4044900" type="metadata" name="startnumber" value="7" del="no" n="0" ut="2013-03-17 06:59:02" id="16987774">
									</property>
									<property object="event_participants" objectFK="4044900" type="ref:participant" name="team" value="72863" del="no" n="0" ut="2013-03-17 06:59:02" id="16987775">
										<participant name="Lotus" gender="male" type="team" countryFK="2" enetID="9" enetSportID="f1" del="no" n="4" ut="2012-05-28 00:31:19" id="72863">
										</participant>
									</property>
								</properties>
								<results>
									<result event_participantsFK="4044900" result_typeFK="100" result_code="rank" value="1" del="no" n="0" ut="2013-03-17 08:35:16" id="14149890">
									</result>
									<result event_participantsFK="4044900" result_typeFK="223" result_code="pitstops" value="2" del="no" n="0" ut="2013-03-17 08:35:16" id="14149892">
									</result>
									<result event_participantsFK="4044900" result_typeFK="221" result_code="laps" value="58" del="no" n="0" ut="2013-03-17 08:35:17" id="14149946">
									</result>
									<result event_participantsFK="4044900" result_typeFK="102" result_code="points" value="25" del="no" n="0" ut="2013-03-17 08:35:17" id="14149957">
									</result>
									<result event_participantsFK="4044900" result_typeFK="101" result_code="duration" value="1:30:03.225" del="no" n="1" ut="2013-03-17 08:35:57" id="14149891">
									</result>
								</results>
							</event_participant>
							<event_participant number="9" participantFK="306274" eventFK="1414205" del="no" n="0" ut="2013-03-17 06:59:02" id="4044901">
								<participant name="Jules Bianchi" gender="male" type="athlete" countryFK="5" enetID="0" enetSportID="" del="no" n="0" ut="2012-05-28 01:01:48" id="306274">
								</participant>
								<properties>
									<property object="event_participants" objectFK="4044901" type="metadata" name="startnumber" value="22" del="no" n="0" ut="2013-03-17 06:59:02" id="16987776">
									</property>
									<property object="event_participants" objectFK="4044901" type="ref:participant" name="team" value="196051" del="no" n="0" ut="2013-03-17 06:59:02" id="16987777">
										<participant name="Marussia" gender="male" type="team" countryFK="2" enetID="28" enetSportID="f1" del="no" n="2" ut="2012-05-28 00:52:57" id="196051">
										</participant>
									</property>
								</properties>
								<results>
									<result event_participantsFK="4044901" result_typeFK="100" result_code="rank" value="15" del="no" n="0" ut="2013-03-17 08:35:16" id="14149893">
									</result>
									<result event_participantsFK="4044901" result_typeFK="101" result_code="duration" value="" del="no" n="0" ut="2013-03-17 08:35:16" id="14149894">
									</result>
									<result event_participantsFK="4044901" result_typeFK="222" result_code="laps_behind" value="1" del="no" n="0" ut="2013-03-17 08:35:16" id="14149895">
									</result>
									<result event_participantsFK="4044901" result_typeFK="223" result_code="pitstops" value="3" del="no" n="0" ut="2013-03-17 08:35:16" id="14149896">
									</result>
									<result event_participantsFK="4044901" result_typeFK="221" result_code="laps" value="57" del="no" n="0" ut="2013-03-17 08:35:17" id="14149947">
									</result>
									<result event_participantsFK="4044901" result_typeFK="102" result_code="points" value="0" del="no" n="0" ut="2013-03-17 08:35:18" id="14149971">
									</result>
								</results>
							</event_participant>
							<event_participant number="10" participantFK="405953" eventFK="1414205" del="no" n="0" ut="2013-03-17 06:59:03" id="4044902">
								<participant name="Max Chilton" gender="male" type="athlete" countryFK="170" enetID="0" enetSportID="" del="no" n="0" ut="2012-11-13 21:29:45" id="405953">
								</participant>
								<properties>
									<property object="event_participants" objectFK="4044902" type="metadata" name="startnumber" value="23" del="no" n="0" ut="2013-03-17 06:59:02" id="16987778">
									</property>
									<property object="event_participants" objectFK="4044902" type="ref:participant" name="team" value="196051" del="no" n="0" ut="2013-03-17 06:59:03" id="16987779">
										<participant name="Marussia" gender="male" type="team" countryFK="2" enetID="28" enetSportID="f1" del="no" n="2" ut="2012-05-28 00:52:57" id="196051">
										</participant>
									</property>
								</properties>
								<results>
									<result event_participantsFK="4044902" result_typeFK="100" result_code="rank" value="17" del="no" n="0" ut="2013-03-17 08:35:16" id="14149897">
									</result>
									<result event_participantsFK="4044902" result_typeFK="101" result_code="duration" value="" del="no" n="0" ut="2013-03-17 08:35:16" id="14149898">
									</result>
									<result event_participantsFK="4044902" result_typeFK="222" result_code="laps_behind" value="2" del="no" n="0" ut="2013-03-17 08:35:16" id="14149899">
									</result>
									<result event_participantsFK="4044902" result_typeFK="223" result_code="pitstops" value="3" del="no" n="0" ut="2013-03-17 08:35:16" id="14149900">
									</result>
									<result event_participantsFK="4044902" result_typeFK="221" result_code="laps" value="56" del="no" n="0" ut="2013-03-17 08:35:17" id="14149948">
									</result>
									<result event_participantsFK="4044902" result_typeFK="102" result_code="points" value="0" del="no" n="0" ut="2013-03-17 08:35:18" id="14149973">
									</result>
								</results>
							</event_participant>
							<event_participant number="11" participantFK="250892" eventFK="1414205" del="no" n="0" ut="2013-03-17 06:59:03" id="4044903">
								<participant name="Sergio Perez" gender="male" type="athlete" countryFK="114" enetID="0" enetSportID="" del="no" n="0" ut="2012-05-28 00:42:22" id="250892">
								</participant>
								<properties>
									<property object="event_participants" objectFK="4044903" type="metadata" name="startnumber" value="6" del="no" n="0" ut="2013-03-17 06:59:03" id="16987780">
									</property>
									<property object="event_participants" objectFK="4044903" type="ref:participant" name="team" value="72864" del="no" n="0" ut="2013-03-17 06:59:03" id="16987781">
										<participant name="McLaren" gender="male" type="team" countryFK="2" enetID="7" enetSportID="f1" del="no" n="2" ut="2012-05-28 00:33:58" id="72864">
										</participant>
									</property>
								</properties>
								<results>
									<result event_participantsFK="4044903" result_typeFK="100" result_code="rank" value="11" del="no" n="0" ut="2013-03-17 08:35:16" id="14149901">
									</result>
									<result event_participantsFK="4044903" result_typeFK="101" result_code="duration" value="+1:23.300" del="no" n="0" ut="2013-03-17 08:35:16" id="14149902">
									</result>
									<result event_participantsFK="4044903" result_typeFK="223" result_code="pitstops" value="3" del="no" n="0" ut="2013-03-17 08:35:16" id="14149903">
									</result>
									<result event_participantsFK="4044903" result_typeFK="221" result_code="laps" value="58" del="no" n="0" ut="2013-03-17 08:35:17" id="14149949">
									</result>
									<result event_participantsFK="4044903" result_typeFK="102" result_code="points" value="0" del="no" n="0" ut="2013-03-17 08:35:17" id="14149967">
									</result>
								</results>
							</event_participant>
							<event_participant number="12" participantFK="62423" eventFK="1414205" del="no" n="0" ut="2013-03-17 06:59:03" id="4044904">
								<participant name="Jenson Button" gender="male" type="athlete" countryFK="2" enetID="6" enetSportID="f1" del="no" n="1" ut="2012-05-27 22:16:48" id="62423">
								</participant>
								<properties>
									<property object="event_participants" objectFK="4044904" type="metadata" name="startnumber" value="5" del="no" n="0" ut="2013-03-17 06:59:03" id="16987782">
									</property>
									<property object="event_participants" objectFK="4044904" type="ref:participant" name="team" value="72864" del="no" n="0" ut="2013-03-17 06:59:03" id="16987783">
										<participant name="McLaren" gender="male" type="team" countryFK="2" enetID="7" enetSportID="f1" del="no" n="2" ut="2012-05-28 00:33:58" id="72864">
										</participant>
									</property>
								</properties>
								<results>
									<result event_participantsFK="4044904" result_typeFK="100" result_code="rank" value="9" del="no" n="0" ut="2013-03-17 08:35:16" id="14149904">
									</result>
									<result event_participantsFK="4044904" result_typeFK="101" result_code="duration" value="+1:21.600" del="no" n="0" ut="2013-03-17 08:35:16" id="14149905">
									</result>
									<result event_participantsFK="4044904" result_typeFK="223" result_code="pitstops" value="3" del="no" n="0" ut="2013-03-17 08:35:16" id="14149906">
									</result>
									<result event_participantsFK="4044904" result_typeFK="221" result_code="laps" value="58" del="no" n="0" ut="2013-03-17 08:35:17" id="14149950">
									</result>
									<result event_participantsFK="4044904" result_typeFK="102" result_code="points" value="2" del="no" n="0" ut="2013-03-17 08:35:17" id="14149965">
									</result>
								</results>
							</event_participant>
							<event_participant number="13" participantFK="62444" eventFK="1414205" del="no" n="0" ut="2013-03-17 06:59:03" id="4044905">
								<participant name="Nico Rosberg" gender="male" type="athlete" countryFK="3" enetID="53" enetSportID="f1" del="no" n="1" ut="2012-05-28 00:36:10" id="62444">
								</participant>
								<properties>
									<property object="event_participants" objectFK="4044905" type="metadata" name="startnumber" value="9" del="no" n="0" ut="2013-03-17 06:59:03" id="16987784">
									</property>
									<property object="event_participants" objectFK="4044905" type="ref:participant" name="team" value="72861" del="no" n="0" ut="2013-03-17 06:59:03" id="16987785">
										<participant name="Mercedes AMG" gender="male" type="team" countryFK="2" enetID="15" enetSportID="f1" del="no" n="4" ut="2012-05-28 01:08:23" id="72861">
										</participant>
									</property>
								</properties>
								<results>
									<result event_participantsFK="4044905" result_typeFK="223" result_code="pitstops" value="1" del="no" n="0" ut="2013-03-17 08:35:17" id="14149928">
									</result>
									<result event_participantsFK="4044905" result_typeFK="102" result_code="points" value="0" del="no" n="0" ut="2013-03-17 08:35:18" id="14149976">
									</result>
									<result event_participantsFK="4044905" result_typeFK="221" result_code="laps" value="26" del="no" n="0" ut="2013-03-17 08:36:16" id="14149982">
									</result>
									<result event_participantsFK="4044905" result_typeFK="100" result_code="rank" value="20" del="no" n="2" ut="2013-03-17 08:36:42" id="14149927">
									</result>
									<result event_participantsFK="4044905" result_typeFK="222" result_code="laps_behind" value="32" del="no" n="0" ut="2013-03-17 08:36:42" id="14149984">
									</result>
									<result event_participantsFK="4044905" result_typeFK="104" result_code="comment" value="OUT: Electrical" del="no" n="1" ut="2013-03-17 14:26:39" id="14149929">
									</result>
								</results>
							</event_participant>
							<event_participant number="14" participantFK="62452" eventFK="1414205" del="no" n="0" ut="2013-03-17 06:59:03" id="4044906">
								<participant name="Lewis Hamilton" gender="male" type="athlete" countryFK="2" enetID="62" enetSportID="f1" del="no" n="1" ut="2012-05-28 00:31:02" id="62452">
								</participant>
								<properties>
									<property object="event_participants" objectFK="4044906" type="metadata" name="startnumber" value="10" del="no" n="0" ut="2013-03-17 06:59:03" id="16987786">
									</property>
									<property object="event_participants" objectFK="4044906" type="ref:participant" name="team" value="72861" del="no" n="0" ut="2013-03-17 06:59:03" id="16987787">
										<participant name="Mercedes AMG" gender="male" type="team" countryFK="2" enetID="15" enetSportID="f1" del="no" n="4" ut="2012-05-28 01:08:23" id="72861">
										</participant>
									</property>
								</properties>
								<results>
									<result event_participantsFK="4044906" result_typeFK="100" result_code="rank" value="5" del="no" n="0" ut="2013-03-17 08:35:16" id="14149907">
									</result>
									<result event_participantsFK="4044906" result_typeFK="101" result_code="duration" value="+45.500" del="no" n="0" ut="2013-03-17 08:35:16" id="14149908">
									</result>
									<result event_participantsFK="4044906" result_typeFK="223" result_code="pitstops" value="3" del="no" n="0" ut="2013-03-17 08:35:16" id="14149909">
									</result>
									<result event_participantsFK="4044906" result_typeFK="221" result_code="laps" value="58" del="no" n="0" ut="2013-03-17 08:35:17" id="14149951">
									</result>
									<result event_participantsFK="4044906" result_typeFK="102" result_code="points" value="10" del="no" n="0" ut="2013-03-17 08:35:17" id="14149961">
									</result>
								</results>
							</event_participant>
							<event_participant number="15" participantFK="62442" eventFK="1414205" del="no" n="0" ut="2013-03-17 06:59:03" id="4044907">
								<participant name="Mark Webber" gender="male" type="athlete" countryFK="39" enetID="27" enetSportID="f1" del="no" n="1" ut="2012-05-28 00:32:58" id="62442">
								</participant>
								<properties>
									<property object="event_participants" objectFK="4044907" type="metadata" name="startnumber" value="2" del="no" n="0" ut="2013-03-17 06:59:03" id="16987788">
									</property>
									<property object="event_participants" objectFK="4044907" type="ref:participant" name="team" value="72865" del="no" n="0" ut="2013-03-17 06:59:03" id="16987789">
										<participant name="Red Bull" gender="male" type="team" countryFK="34" enetID="5" enetSportID="f1" del="no" n="1" ut="2012-05-28 01:05:21" id="72865">
										</participant>
									</property>
								</properties>
								<results>
									<result event_participantsFK="4044907" result_typeFK="100" result_code="rank" value="6" del="no" n="0" ut="2013-03-17 08:35:16" id="14149910">
									</result>
									<result event_participantsFK="4044907" result_typeFK="101" result_code="duration" value="+46.800" del="no" n="0" ut="2013-03-17 08:35:16" id="14149911">
									</result>
									<result event_participantsFK="4044907" result_typeFK="223" result_code="pitstops" value="3" del="no" n="0" ut="2013-03-17 08:35:16" id="14149912">
									</result>
									<result event_participantsFK="4044907" result_typeFK="221" result_code="laps" value="58" del="no" n="0" ut="2013-03-17 08:35:17" id="14149952">
									</result>
									<result event_participantsFK="4044907" result_typeFK="102" result_code="points" value="8" del="no" n="0" ut="2013-03-17 08:35:17" id="14149962">
									</result>
								</results>
							</event_participant>
							<event_participant number="16" participantFK="62449" eventFK="1414205" del="no" n="0" ut="2013-03-17 06:59:04" id="4044908">
								<participant name="Sebastian Vettel" gender="male" type="athlete" countryFK="3" enetID="60" enetSportID="f1" del="no" n="1" ut="2012-05-28 01:05:50" id="62449">
								</participant>
								<properties>
									<property object="event_participants" objectFK="4044908" type="metadata" name="startnumber" value="1" del="no" n="0" ut="2013-03-17 06:59:04" id="16987790">
									</property>
									<property object="event_participants" objectFK="4044908" type="ref:participant" name="team" value="72865" del="no" n="0" ut="2013-03-17 06:59:04" id="16987791">
										<participant name="Red Bull" gender="male" type="team" countryFK="34" enetID="5" enetSportID="f1" del="no" n="1" ut="2012-05-28 01:05:21" id="72865">
										</participant>
									</property>
								</properties>
								<results>
									<result event_participantsFK="4044908" result_typeFK="100" result_code="rank" value="3" del="no" n="0" ut="2013-03-17 08:35:16" id="14149913">
									</result>
									<result event_participantsFK="4044908" result_typeFK="101" result_code="duration" value="+22.300" del="no" n="0" ut="2013-03-17 08:35:16" id="14149914">
									</result>
									<result event_participantsFK="4044908" result_typeFK="223" result_code="pitstops" value="3" del="no" n="0" ut="2013-03-17 08:35:17" id="14149915">
									</result>
									<result event_participantsFK="4044908" result_typeFK="221" result_code="laps" value="58" del="no" n="0" ut="2013-03-17 08:35:17" id="14149953">
									</result>
									<result event_participantsFK="4044908" result_typeFK="102" result_code="points" value="15" del="no" n="0" ut="2013-03-17 08:35:17" id="14149959">
									</result>
								</results>
							</event_participant>
							<event_participant number="17" participantFK="197468" eventFK="1414205" del="no" n="0" ut="2013-03-17 06:59:04" id="4044909">
								<participant name="Nico Hülkenberg" gender="male" type="athlete" countryFK="3" enetID="76" enetSportID="f1" del="no" n="3" ut="2012-05-28 00:36:10" id="197468">
								</participant>
								<properties>
									<property object="event_participants" objectFK="4044909" type="metadata" name="startnumber" value="11" del="no" n="0" ut="2013-03-17 06:59:04" id="16987792">
									</property>
									<property object="event_participants" objectFK="4044909" type="ref:participant" name="team" value="72859" del="no" n="0" ut="2013-03-17 06:59:04" id="16987793">
										<participant name="Sauber" gender="male" type="team" countryFK="37" enetID="17" enetSportID="f1" del="no" n="2" ut="2012-05-28 00:57:19" id="72859">
										</participant>
									</property>
								</properties>
								<results>
									<result event_participantsFK="4044909" result_typeFK="223" result_code="pitstops" value="1" del="no" n="0" ut="2013-03-17 08:35:17" id="14149931">
									</result>
									<result event_participantsFK="4044909" result_typeFK="102" result_code="points" value="0" del="no" n="0" ut="2013-03-17 08:35:18" id="14149977">
									</result>
									<result event_participantsFK="4044909" result_typeFK="221" result_code="laps" value="0" del="no" n="0" ut="2013-03-17 08:36:54" id="14149987">
									</result>
									<result event_participantsFK="4044909" result_typeFK="222" result_code="laps_behind" value="58" del="no" n="0" ut="2013-03-17 08:36:59" id="14149988">
									</result>
									<result event_participantsFK="4044909" result_typeFK="104" result_code="comment" value="OUT: Fuel system" del="no" n="1" ut="2013-03-17 08:48:52" id="14149932">
									</result>
									<result event_participantsFK="4044909" result_typeFK="100" result_code="rank" value="22" del="no" n="17" ut="2013-04-11 15:13:05" id="14149930">
									</result>
								</results>
							</event_participant>
							<event_participant number="18" participantFK="402381" eventFK="1414205" del="no" n="0" ut="2013-03-17 06:59:04" id="4044910">
								<participant name="Esteban Gutierrez" gender="male" type="athlete" countryFK="114" enetID="0" enetSportID="" del="no" n="0" ut="2012-11-13 21:29:28" id="402381">
								</participant>
								<properties>
									<property object="event_participants" objectFK="4044910" type="metadata" name="startnumber" value="12" del="no" n="0" ut="2013-03-17 06:59:04" id="16987794">
									</property>
									<property object="event_participants" objectFK="4044910" type="ref:participant" name="team" value="72859" del="no" n="0" ut="2013-03-17 06:59:04" id="16987795">
										<participant name="Sauber" gender="male" type="team" countryFK="37" enetID="17" enetSportID="f1" del="no" n="2" ut="2012-05-28 00:57:19" id="72859">
										</participant>
									</property>
								</properties>
								<results>
									<result event_participantsFK="4044910" result_typeFK="100" result_code="rank" value="13" del="no" n="0" ut="2013-03-17 08:35:17" id="14149916">
									</result>
									<result event_participantsFK="4044910" result_typeFK="101" result_code="duration" value="" del="no" n="0" ut="2013-03-17 08:35:17" id="14149917">
									</result>
									<result event_participantsFK="4044910" result_typeFK="222" result_code="laps_behind" value="1" del="no" n="0" ut="2013-03-17 08:35:17" id="14149918">
									</result>
									<result event_participantsFK="4044910" result_typeFK="223" result_code="pitstops" value="2" del="no" n="0" ut="2013-03-17 08:35:17" id="14149919">
									</result>
									<result event_participantsFK="4044910" result_typeFK="221" result_code="laps" value="57" del="no" n="0" ut="2013-03-17 08:35:17" id="14149954">
									</result>
									<result event_participantsFK="4044910" result_typeFK="102" result_code="points" value="0" del="no" n="0" ut="2013-03-17 08:35:17" id="14149969">
									</result>
								</results>
							</event_participant>
							<event_participant number="19" participantFK="292542" eventFK="1414205" del="no" n="0" ut="2013-03-17 06:59:04" id="4044911">
								<participant name="Jean-Eric Vergne" gender="male" type="athlete" countryFK="5" enetID="0" enetSportID="" del="no" n="0" ut="2012-05-27 22:16:30" id="292542">
								</participant>
								<properties>
									<property object="event_participants" objectFK="4044911" type="metadata" name="startnumber" value="18" del="no" n="0" ut="2013-03-17 06:59:04" id="16987796">
									</property>
									<property object="event_participants" objectFK="4044911" type="ref:participant" name="team" value="72862" del="no" n="0" ut="2013-03-17 06:59:04" id="16987797">
										<participant name="Toro Rosso" gender="male" type="team" countryFK="4" enetID="14" enetSportID="f1" del="no" n="2" ut="2012-05-28 00:45:38" id="72862">
										</participant>
									</property>
								</properties>
								<results>
									<result event_participantsFK="4044911" result_typeFK="100" result_code="rank" value="12" del="no" n="0" ut="2013-03-17 08:35:17" id="14149920">
									</result>
									<result event_participantsFK="4044911" result_typeFK="101" result_code="duration" value="+1:23.800" del="no" n="0" ut="2013-03-17 08:35:17" id="14149921">
									</result>
									<result event_participantsFK="4044911" result_typeFK="223" result_code="pitstops" value="3" del="no" n="0" ut="2013-03-17 08:35:17" id="14149922">
									</result>
									<result event_participantsFK="4044911" result_typeFK="221" result_code="laps" value="58" del="no" n="0" ut="2013-03-17 08:35:17" id="14149955">
									</result>
									<result event_participantsFK="4044911" result_typeFK="102" result_code="points" value="0" del="no" n="0" ut="2013-03-17 08:35:17" id="14149968">
									</result>
								</results>
							</event_participant>
							<event_participant number="20" participantFK="273170" eventFK="1414205" del="no" n="0" ut="2013-03-17 06:59:04" id="4044912">
								<participant name="Daniel Ricciardo" gender="male" type="athlete" countryFK="39" enetID="0" enetSportID="" del="no" n="0" ut="2012-05-27 21:46:23" id="273170">
								</participant>
								<properties>
									<property object="event_participants" objectFK="4044912" type="metadata" name="startnumber" value="19" del="no" n="0" ut="2013-03-17 06:59:04" id="16987798">
									</property>
									<property object="event_participants" objectFK="4044912" type="ref:participant" name="team" value="72862" del="no" n="0" ut="2013-03-17 06:59:04" id="16987799">
										<participant name="Toro Rosso" gender="male" type="team" countryFK="4" enetID="14" enetSportID="f1" del="no" n="2" ut="2012-05-28 00:45:38" id="72862">
										</participant>
									</property>
								</properties>
								<results>
									<result event_participantsFK="4044912" result_typeFK="100" result_code="rank" value="19" del="no" n="0" ut="2013-03-17 08:35:17" id="14149933">
									</result>
									<result event_participantsFK="4044912" result_typeFK="223" result_code="pitstops" value="3" del="no" n="0" ut="2013-03-17 08:35:17" id="14149934">
									</result>
									<result event_participantsFK="4044912" result_typeFK="102" result_code="points" value="0" del="no" n="0" ut="2013-03-17 08:35:18" id="14149975">
									</result>
									<result event_participantsFK="4044912" result_typeFK="221" result_code="laps" value="39" del="no" n="0" ut="2013-03-17 08:36:08" id="14149981">
									</result>
									<result event_participantsFK="4044912" result_typeFK="222" result_code="laps_behind" value="19" del="no" n="0" ut="2013-03-17 08:36:42" id="14149985">
									</result>
									<result event_participantsFK="4044912" result_typeFK="104" result_code="comment" value="OUT: Exhaust" del="no" n="1" ut="2013-03-17 14:30:10" id="14149935">
									</result>
								</results>
							</event_participant>
							<event_participant number="21" participantFK="238659" eventFK="1414205" del="no" n="0" ut="2013-03-17 06:59:04" id="4044913">
								<participant name="Pastor Maldonado" gender="male" type="athlete" countryFK="84" enetID="0" enetSportID="" del="no" n="0" ut="2012-05-28 00:55:18" id="238659">
								</participant>
								<properties>
									<property object="event_participants" objectFK="4044913" type="metadata" name="startnumber" value="16" del="no" n="0" ut="2013-03-17 06:59:04" id="16987800">
									</property>
									<property object="event_participants" objectFK="4044913" type="ref:participant" name="team" value="72867" del="no" n="0" ut="2013-03-17 06:59:04" id="16987801">
										<participant name="Williams" gender="male" type="team" countryFK="2" enetID="11" enetSportID="f1" del="no" n="1" ut="2012-05-28 01:07:04" id="72867">
										</participant>
									</property>
								</properties>
								<results>
									<result event_participantsFK="4044913" result_typeFK="223" result_code="pitstops" value="1" del="no" n="0" ut="2013-03-17 08:35:17" id="14149937">
									</result>
									<result event_participantsFK="4044913" result_typeFK="102" result_code="points" value="0" del="no" n="0" ut="2013-03-17 08:35:18" id="14149978">
									</result>
									<result event_participantsFK="4044913" result_typeFK="221" result_code="laps" value="24" del="no" n="0" ut="2013-03-17 08:36:31" id="14149983">
									</result>
									<result event_participantsFK="4044913" result_typeFK="100" result_code="rank" value="21" del="no" n="5" ut="2013-03-17 08:36:42" id="14149936">
									</result>
									<result event_participantsFK="4044913" result_typeFK="222" result_code="laps_behind" value="34" del="no" n="0" ut="2013-03-17 08:36:42" id="14149986">
									</result>
									<result event_participantsFK="4044913" result_typeFK="104" result_code="comment" value="OUT: Spin" del="no" n="1" ut="2013-03-17 11:32:37" id="14149938">
									</result>
								</results>
							</event_participant>
							<event_participant number="22" participantFK="306275" eventFK="1414205" del="no" n="0" ut="2013-03-17 06:59:04" id="4044914">
								<participant name="Valtteri Bottas" gender="male" type="athlete" countryFK="24" enetID="0" enetSportID="" del="no" n="0" ut="2012-05-28 00:59:30" id="306275">
								</participant>
								<properties>
									<property object="event_participants" objectFK="4044914" type="metadata" name="startnumber" value="17" del="no" n="0" ut="2013-03-17 06:59:04" id="16987802">
									</property>
									<property object="event_participants" objectFK="4044914" type="ref:participant" name="team" value="72867" del="no" n="0" ut="2013-03-17 06:59:04" id="16987803">
										<participant name="Williams" gender="male" type="team" countryFK="2" enetID="11" enetSportID="f1" del="no" n="1" ut="2012-05-28 01:07:04" id="72867">
										</participant>
									</property>
								</properties>
								<results>
									<result event_participantsFK="4044914" result_typeFK="100" result_code="rank" value="14" del="no" n="0" ut="2013-03-17 08:35:17" id="14149923">
									</result>
									<result event_participantsFK="4044914" result_typeFK="101" result_code="duration" value="" del="no" n="0" ut="2013-03-17 08:35:17" id="14149924">
									</result>
									<result event_participantsFK="4044914" result_typeFK="222" result_code="laps_behind" value="1" del="no" n="0" ut="2013-03-17 08:35:17" id="14149925">
									</result>
									<result event_participantsFK="4044914" result_typeFK="223" result_code="pitstops" value="3" del="no" n="0" ut="2013-03-17 08:35:17" id="14149926">
									</result>
									<result event_participantsFK="4044914" result_typeFK="221" result_code="laps" value="57" del="no" n="0" ut="2013-03-17 08:35:17" id="14149956">
									</result>
									<result event_participantsFK="4044914" result_typeFK="102" result_code="points" value="0" del="no" n="0" ut="2013-03-17 08:35:17" id="14149970">
									</result>
								</results>
							</event_participant>
						</event>
					</tournament_stage>
				</tournament>
			</tournament_template>
		</sport>
	</query-response>
</spocosy>
